{
  "lang":"en",
  "name":"pipeline",
  "version":"0.0.0",
  "spacy_version":">=3.7.4,<3.8.0",
  "description":"",
  "author":"",
  "email":"",
  "url":"",
  "license":"",
  "spacy_git_version":"bff8725f4",
  "vectors":{
    "width":0,
    "vectors":0,
    "keys":0,
    "name":null,
    "mode":"default"
  },
  "labels":{
    "tok2vec":[

    ],
    "ner":[
      "CASE_NUMBER",
      "COURT",
      "DATE",
      "GPE",
      "JUDGE",
      "LAWYER",
      "ORG",
      "OTHER_PERSON",
      "PETITIONER",
      "PRECEDENT",
      "PROVISION",
      "RESPONDENT",
      "STATUTE",
      "WITNESS"
    ]
  },
  "pipeline":[
    "tok2vec",
    "ner"
  ],
  "components":[
    "tok2vec",
    "ner"
  ],
  "disabled":[

  ],
  "performance":{
    "ents_f":0.7125898157,
    "ents_p":0.7241269841,
    "ents_r":0.7014145141,
    "ents_per_type":{
      "COURT":{
        "p":0.8537414966,
        "r":0.847972973,
        "f":0.8508474576
      },
      "PETITIONER":{
        "p":0.6593406593,
        "r":0.5687203791,
        "f":0.6106870229
      },
      "LAWYER":{
        "p":0.9198396794,
        "r":0.779286927,
        "f":0.84375
      },
      "RESPONDENT":{
        "p":0.5638297872,
        "r":0.6816720257,
        "f":0.6171761281
      },
      "JUDGE":{
        "p":0.8493975904,
        "r":0.8103448276,
        "f":0.8294117647
      },
      "GPE":{
        "p":0.5637583893,
        "r":0.4615384615,
        "f":0.5075528701
      },
      "DATE":{
        "p":0.7961538462,
        "r":0.9452054795,
        "f":0.8643006263
      },
      "OTHER_PERSON":{
        "p":0.6338028169,
        "r":0.6545454545,
        "f":0.6440071556
      },
      "ORG":{
        "p":0.3756345178,
        "r":0.465408805,
        "f":0.4157303371
      },
      "CASE_NUMBER":{
        "p":0.476635514,
        "r":0.4214876033,
        "f":0.4473684211
      },
      "PRECEDENT":{
        "p":0.5588235294,
        "r":0.4293785311,
        "f":0.4856230032
      },
      "STATUTE":{
        "p":0.865,
        "r":0.7792792793,
        "f":0.8199052133
      },
      "PROVISION":{
        "p":0.8770491803,
        "r":0.8294573643,
        "f":0.8525896414
      },
      "WITNESS":{
        "p":0.6964285714,
        "r":0.6724137931,
        "f":0.6842105263
      }
    },
    "tok2vec_loss":4533.2545150632,
    "ner_loss":5375.1322564769
  }
}