{
  "lang":"en",
  "name":"pipeline",
  "version":"0.0.0",
  "spacy_version":">=3.7.4,<3.8.0",
  "description":"",
  "author":"",
  "email":"",
  "url":"",
  "license":"",
  "spacy_git_version":"bff8725f4",
  "vectors":{
    "width":0,
    "vectors":0,
    "keys":0,
    "name":null,
    "mode":"default"
  },
  "labels":{
    "tok2vec":[

    ],
    "ner":[
      "CASE_NUMBER",
      "COURT",
      "DATE",
      "GPE",
      "JUDGE",
      "LAWYER",
      "ORG",
      "OTHER_PERSON",
      "PETITIONER",
      "PRECEDENT",
      "PROVISION",
      "RESPONDENT",
      "STATUTE",
      "WITNESS"
    ]
  },
  "pipeline":[
    "tok2vec",
    "ner"
  ],
  "components":[
    "tok2vec",
    "ner"
  ],
  "disabled":[

  ],
  "performance":{
    "ents_f":0.7371101209,
    "ents_p":0.7638522427,
    "ents_r":0.7121771218,
    "ents_per_type":{
      "COURT":{
        "p":0.9037037037,
        "r":0.8243243243,
        "f":0.8621908127
      },
      "PETITIONER":{
        "p":0.6267281106,
        "r":0.644549763,
        "f":0.6355140187
      },
      "LAWYER":{
        "p":0.8952205882,
        "r":0.8268251273,
        "f":0.8596646072
      },
      "RESPONDENT":{
        "p":0.6745762712,
        "r":0.6398713826,
        "f":0.6567656766
      },
      "JUDGE":{
        "p":0.8352272727,
        "r":0.8448275862,
        "f":0.84
      },
      "STATUTE":{
        "p":0.9147727273,
        "r":0.7252252252,
        "f":0.8090452261
      },
      "DATE":{
        "p":0.9033816425,
        "r":0.8538812785,
        "f":0.8779342723
      },
      "GPE":{
        "p":0.5974025974,
        "r":0.5054945055,
        "f":0.5476190476
      },
      "OTHER_PERSON":{
        "p":0.6428571429,
        "r":0.6218181818,
        "f":0.6321626617
      },
      "ORG":{
        "p":0.512195122,
        "r":0.3962264151,
        "f":0.4468085106
      },
      "CASE_NUMBER":{
        "p":0.4420289855,
        "r":0.5041322314,
        "f":0.471042471
      },
      "WITNESS":{
        "p":0.7014925373,
        "r":0.8103448276,
        "f":0.752
      },
      "PRECEDENT":{
        "p":0.610738255,
        "r":0.5141242938,
        "f":0.5582822086
      },
      "PROVISION":{
        "p":0.92,
        "r":0.8914728682,
        "f":0.905511811
      }
    },
    "tok2vec_loss":6524.0454274176,
    "ner_loss":2832.4797849208
  }
}