{
  "lang":"en",
  "name":"pipeline",
  "version":"0.0.0",
  "spacy_version":">=3.7.4,<3.8.0",
  "description":"",
  "author":"",
  "email":"",
  "url":"",
  "license":"",
  "spacy_git_version":"bff8725f4",
  "vectors":{
    "width":0,
    "vectors":0,
    "keys":0,
    "name":null,
    "mode":"default"
  },
  "labels":{
    "tok2vec":[

    ],
    "ner":[
      "CASE_NUMBER",
      "COURT",
      "DATE",
      "GPE",
      "JUDGE",
      "LAWYER",
      "ORG",
      "OTHER_PERSON",
      "PETITIONER",
      "PRECEDENT",
      "PROVISION",
      "RESPONDENT",
      "STATUTE",
      "WITNESS"
    ]
  },
  "pipeline":[
    "tok2vec",
    "ner"
  ],
  "components":[
    "tok2vec",
    "ner"
  ],
  "disabled":[

  ],
  "performance":{
    "ents_f":0.7223440928,
    "ents_p":0.7364217252,
    "ents_r":0.7087945879,
    "ents_per_type":{
      "COURT":{
        "p":0.8885017422,
        "r":0.8614864865,
        "f":0.8747855918
      },
      "PETITIONER":{
        "p":0.7048192771,
        "r":0.5545023697,
        "f":0.6206896552
      },
      "LAWYER":{
        "p":0.8949494949,
        "r":0.7521222411,
        "f":0.8173431734
      },
      "RESPONDENT":{
        "p":0.6627565982,
        "r":0.7266881029,
        "f":0.6932515337
      },
      "JUDGE":{
        "p":0.7373737374,
        "r":0.8390804598,
        "f":0.7849462366
      },
      "STATUTE":{
        "p":0.9261363636,
        "r":0.7342342342,
        "f":0.8190954774
      },
      "GPE":{
        "p":0.6148648649,
        "r":0.5,
        "f":0.5515151515
      },
      "DATE":{
        "p":0.8451882845,
        "r":0.9223744292,
        "f":0.8820960699
      },
      "OTHER_PERSON":{
        "p":0.5376044568,
        "r":0.7018181818,
        "f":0.6088328076
      },
      "ORG":{
        "p":0.3619047619,
        "r":0.4779874214,
        "f":0.4119241192
      },
      "CASE_NUMBER":{
        "p":0.6,
        "r":0.3966942149,
        "f":0.4776119403
      },
      "PRECEDENT":{
        "p":0.6029411765,
        "r":0.4632768362,
        "f":0.5239616613
      },
      "PROVISION":{
        "p":0.9193548387,
        "r":0.8837209302,
        "f":0.9011857708
      },
      "WITNESS":{
        "p":0.7446808511,
        "r":0.6034482759,
        "f":0.6666666667
      }
    },
    "tok2vec_loss":6014.5122152509,
    "ner_loss":5608.0594095638
  }
}