{
  "lang":"en",
  "name":"pipeline",
  "version":"0.0.0",
  "spacy_version":">=3.7.4,<3.8.0",
  "description":"",
  "author":"",
  "email":"",
  "url":"",
  "license":"",
  "spacy_git_version":"bff8725f4",
  "vectors":{
    "width":0,
    "vectors":0,
    "keys":0,
    "name":null,
    "mode":"default"
  },
  "labels":{
    "tok2vec":[

    ],
    "ner":[
      "CASE_NUMBER",
      "COURT",
      "DATE",
      "GPE",
      "JUDGE",
      "LAWYER",
      "ORG",
      "OTHER_PERSON",
      "PETITIONER",
      "PRECEDENT",
      "PROVISION",
      "RESPONDENT",
      "STATUTE",
      "WITNESS"
    ]
  },
  "pipeline":[
    "tok2vec",
    "ner"
  ],
  "components":[
    "tok2vec",
    "ner"
  ],
  "disabled":[

  ],
  "performance":{
    "ents_f":0.7479777954,
    "ents_p":0.7723550606,
    "ents_r":0.7250922509,
    "ents_per_type":{
      "COURT":{
        "p":0.8956834532,
        "r":0.8412162162,
        "f":0.8675958188
      },
      "PETITIONER":{
        "p":0.6197183099,
        "r":0.6255924171,
        "f":0.6226415094
      },
      "LAWYER":{
        "p":0.9359223301,
        "r":0.818336163,
        "f":0.8731884058
      },
      "RESPONDENT":{
        "p":0.6898734177,
        "r":0.7009646302,
        "f":0.6953748006
      },
      "JUDGE":{
        "p":0.8277777778,
        "r":0.8563218391,
        "f":0.8418079096
      },
      "STATUTE":{
        "p":0.9139784946,
        "r":0.7657657658,
        "f":0.8333333333
      },
      "OTHER_PERSON":{
        "p":0.6445182724,
        "r":0.7054545455,
        "f":0.6736111111
      },
      "DATE":{
        "p":0.9166666667,
        "r":0.904109589,
        "f":0.9103448276
      },
      "ORG":{
        "p":0.4523809524,
        "r":0.4779874214,
        "f":0.4648318043
      },
      "GPE":{
        "p":0.6064516129,
        "r":0.5164835165,
        "f":0.5578635015
      },
      "CASE_NUMBER":{
        "p":0.4369747899,
        "r":0.4297520661,
        "f":0.4333333333
      },
      "PRECEDENT":{
        "p":0.6811594203,
        "r":0.5310734463,
        "f":0.5968253968
      },
      "PROVISION":{
        "p":0.9301310044,
        "r":0.8255813953,
        "f":0.8747433265
      },
      "WITNESS":{
        "p":0.9487179487,
        "r":0.6379310345,
        "f":0.7628865979
      }
    },
    "tok2vec_loss":7187.3249201857,
    "ner_loss":3213.0359054922
  }
}