{
  "lang":"en",
  "name":"pipeline",
  "version":"0.0.0",
  "spacy_version":">=3.7.4,<3.8.0",
  "description":"",
  "author":"",
  "email":"",
  "url":"",
  "license":"",
  "spacy_git_version":"bff8725f4",
  "vectors":{
    "width":0,
    "vectors":0,
    "keys":0,
    "name":null,
    "mode":"default"
  },
  "labels":{
    "tok2vec":[

    ],
    "ner":[
      "CASE_NUMBER",
      "COURT",
      "DATE",
      "GPE",
      "JUDGE",
      "LAWYER",
      "ORG",
      "OTHER_PERSON",
      "PETITIONER",
      "PRECEDENT",
      "PROVISION",
      "RESPONDENT",
      "STATUTE",
      "WITNESS"
    ]
  },
  "pipeline":[
    "tok2vec",
    "ner"
  ],
  "components":[
    "tok2vec",
    "ner"
  ],
  "disabled":[

  ],
  "performance":{
    "ents_f":0.694834131,
    "ents_p":0.7499109369,
    "ents_r":0.6472939729,
    "ents_per_type":{
      "COURT":{
        "p":0.9115384615,
        "r":0.8006756757,
        "f":0.8525179856
      },
      "PETITIONER":{
        "p":0.756302521,
        "r":0.4265402844,
        "f":0.5454545455
      },
      "LAWYER":{
        "p":0.843373494,
        "r":0.8319185059,
        "f":0.8376068376
      },
      "RESPONDENT":{
        "p":0.679389313,
        "r":0.5723472669,
        "f":0.6212914485
      },
      "JUDGE":{
        "p":0.7150259067,
        "r":0.7931034483,
        "f":0.7520435967
      },
      "STATUTE":{
        "p":0.8415841584,
        "r":0.7657657658,
        "f":0.8018867925
      },
      "DATE":{
        "p":0.8790697674,
        "r":0.8630136986,
        "f":0.8709677419
      },
      "OTHER_PERSON":{
        "p":0.6082089552,
        "r":0.5927272727,
        "f":0.6003683241
      },
      "ORG":{
        "p":0.3595505618,
        "r":0.4025157233,
        "f":0.3798219585
      },
      "CASE_NUMBER":{
        "p":0.5384615385,
        "r":0.2892561983,
        "f":0.376344086
      },
      "PRECEDENT":{
        "p":0.4105263158,
        "r":0.2203389831,
        "f":0.2867647059
      },
      "PROVISION":{
        "p":0.8949416342,
        "r":0.8914728682,
        "f":0.8932038835
      },
      "GPE":{
        "p":0.7435897436,
        "r":0.3186813187,
        "f":0.4461538462
      },
      "WITNESS":{
        "p":0.7058823529,
        "r":0.4137931034,
        "f":0.5217391304
      }
    },
    "tok2vec_loss":4539.7828716519,
    "ner_loss":7637.6631646184
  }
}